# Name,   Type, SubType, Offset,   Size
# nvs and phy_init keep their v1.0.0 place, so settings survive the switch to two app slots.
nvs,      data, nvs,     0x9000,   0x6000,
phy_init, data, phy,     0xf000,   0x1000,
ota_0,    app,  ota_0,   0x10000,  3M,
ota_1,    app,  ota_1,   0x310000, 3M,
otadata,  data, ota,     0x610000, 0x2000,
mapcache, data, 0x40,    0x620000, 4M,
# The last crash, kept for the next boot (diag.c logs it and erases it). Boards updated over the air keep the table
# they had and so have no core dump (one "No core dump partition" line at boot); a USB / web-flasher install adds it.
coredump, data, coredump, 0xa20000, 128K,
