# Inuktitut translation source (see tools/i18n_iu.py). Columns: key, english, inuktitut (Latin ICI or
# syllabics), confidence (high / medium / low), note. Edit the inuktitut column, then run the build.
fw:T_TODAY	Today	Ullumi	high	Tusaalanga glossary: ullumi = today
fw:T_NOW	Now	Maanna	medium	maanna = now (common word)
fw:T_HDR_TEMP	Temp	°	medium	hourly column header: "uunarniq" wrapped in the narrow column; the degree sign is clear
fw:T_HDR_RAIN	Rain	Silaluk	medium	Tusaalanga glossary: silaluttuq = it is raining; column of chance of rain
fw:T_HDR_WIND	Wind	Anuri	medium	Tusaalanga glossary: anuraaqtuq = windy (anuri = wind)
fw:T_LOADING	Loading...	Utaqqiritsi...	low	Tusaalanga glossary: utaqqijuq = waiting; "please wait"
fw:T_FEELS	Feels %d°	Ippinnaqtuq %d°	low	"it feels" + temperature; check wording for feels-like
fw:T_PERCENT	%d%%	%d%%	high	number only
fw:T_RAIN_AROUND	Rain around %s	Silaluliqtuq %s	medium	silalu- (rain) + -liq- (starting) + time
fw:T_RAIN_UNTIL	Rain until about %s	Silaluttuq %s tikillugu	low	"raining until" time; check tikillugu
fw:T_SNOW_AROUND	Snow around %s	Qanniliqtuq %s	medium	Tusaalanga glossary: qanniqtuq = snowing; -liq- starting
fw:T_SNOW_UNTIL	Snow until about %s	Qanniqtuq %s tikillugu	low	"snowing until" time
fw:T_UNTIL	Until %s %s	%s %s tikillugu	low	alert end: weekday + time + "until"
fw:T_ALERT_ALSO	\n\nAlso: %s (%s)\n\n%s	\n\nAmmalu: %s (%s)\n\n%s	medium	ammalu = and also
fw:T_DAYLIGHT	Daylight\n%d h %02d	Qaumaniq\n%d `h` %02d	low	qauma- = light; daylight length
fw:T_SUNRISE	Sunrise\n%s	Siqiniq nuijuq\n%s	high	Tusaalanga glossary: siqiniq nuijuq = sunrise
fw:T_UV_MAX	(max %d)	(anginirpaaq %d)	medium	angi- big + -nirpaaq (most); "the highest of the day"
fw:T_UV_INDEX	UV index	`UV`	medium	UV kept as is
fw:T_LOW	Low	Mikijuq	medium	mikijuq = small / low
fw:T_MODERATE	Moderate	Akunnganiittuq	low	"in between"
fw:T_HIGH	High	Angijuq	medium	angijuq = big / high
fw:T_VERY_HIGH	Very high	Angijualuk	medium	angijuq + -aluk (very)
fw:T_EXTREME	Extreme	Ulurianaqtuq	medium	ulurianaqtuq = dangerous
fw:T_MOON	Moon	Taqqiq	high	Tusaalanga glossary: taqqiq = moon; month
fw:T_MOON_NEW	New moon	Nutaaq	medium	"new" (the row label already says taqqiq, moon)
fw:T_MOON_WAX_CR	Waxing crescent	Angilliqtuq	low	"growing"
fw:T_MOON_FIRST_Q	First quarter	Avvanga	medium	"its half"
fw:T_MOON_WAX_GIB	Waxing gibbous	Angilliqtualuk	low	"growing, more than half"
fw:T_MOON_FULL	Full moon	Tatattuq	medium	"full"
fw:T_MOON_WAN_GIB	Waning gibbous	Mikilliqtualuk	low	"shrinking, more than half"
fw:T_MOON_LAST_Q	Last quarter	Avvanga kingulliq	low	"its half, the later one"
fw:T_MOON_WAN_CR	Waning crescent	Mikilliqtuq	low	"shrinking"
fw:T_AIR_QUALITY	Air quality	Anirsaq	low	anirsaq = air one breathes. Shortened: "silaup salummaninga" wrapped in the 160 px label column of the extras page
fw:T_AQI_GOOD	Good	Piujuq	high	piujuq = good
fw:T_AQI_MODERATE	Moderate	Naammaktuq	medium	naammak- = acceptable, enough
fw:T_AQI_SENSITIVE	Sensitive groups	Aanniaqtunut	low	"for those who are sick"
fw:T_AQI_UNHEALTHY	Unhealthy	Aanniarnaqtuq	low	"makes one sick"
fw:T_AQI_VERY_UNH	Very unhealthy	Aanniarnaqtualuk	low	+ -aluk (very)
fw:T_AQI_HAZARDOUS	Hazardous	Ulurianaqtuq	medium	dangerous
fw:T_POLLEN	Pollen	`Pollen`	low	no term found; shown only in Europe
fw:T_POLLEN_ALDER	Alder	`Alder`	low	no term found; shown only in Europe
fw:T_POLLEN_BIRCH	Birch	`Birch`	low	no term found; shown only in Europe
fw:T_POLLEN_GRASS	Grass	Ivik	medium	ivik = grass
fw:T_POLLEN_RAGWEED	Ragweed	`Ragweed`	low	no term found; shown only in Europe
fw:T_WX_CLEAR	Clear sky	Silaqqiqtuq	high	Tusaalanga glossary: silaqqiqtuq = clear skies
fw:T_WX_MAINLY_CLEAR	Mainly clear	Silaqqiqtuinnaq	low	clear skies + -innaq (mostly)
fw:T_WX_PARTLY	Partly cloudy	Nuvujaqaqtuq	medium	Tusaalanga glossary: nuvuja = cloud; -qaq- = there are
fw:T_WX_OVERCAST	Overcast	Nuvujajuq	high	Tusaalanga glossary: nuvujajuq = cloudy
fw:T_WX_FOG	Fog	Tatsiqtuq	high	Tusaalanga glossary: tatsiqtuq = foggy
fw:T_WX_DRIZZLE	Drizzle	Silalukuluk	medium	silalu- + -kuluk (small)
fw:T_WX_FRZ_DRIZZLE	Freezing drizzle	Silalukuluk quaqtuq	low	Tusaalanga glossary: quaqtuq = frozen
fw:T_WX_LIGHT_RAIN	Light rain	Silaluttukuluk	low	raining + -kuluk (a little)
fw:T_WX_RAIN	Rain	Silaluttuq	high	Tusaalanga glossary: silaluttuq = raining
fw:T_WX_HEAVY_RAIN	Heavy rain	Silaluttualuk	medium	raining + -aluk (a lot)
fw:T_WX_FRZ_RAIN	Freezing rain	Silaluk quaqtuq	low	rain + frozen
fw:T_WX_LIGHT_SNOW	Light snow	Qanniqtukuluk	low	snowing + -kuluk (a little)
fw:T_WX_SNOW	Snow	Qanniqtuq	high	Tusaalanga glossary: qanniqtuq = snowing
fw:T_WX_HEAVY_SNOW	Heavy snow	Qanniqtualuk	medium	snowing + -aluk (a lot)
fw:T_WX_SNOW_GRAINS	Snow grains	Qannikuluit	low	small snowflakes
fw:T_WX_RAIN_SHOWERS	Rain showers	Silaluttuq	medium	same as rain (showers not distinguished)
fw:T_WX_SNOW_SHOWERS	Snow showers	Qanniqtuq	medium	same as snow (showers not distinguished)
fw:T_WX_STORM	Thunderstorm	Kalliqtuq	medium	kalliq = thunder
fw:T_WX_STORM_HAIL	Thunderstorm, hail	Kalliqtuq, natatqurnaq	low	hail word uncertain (natatqurnaq?)
fw:T_STATUS	Status	Qanuilinganinga	high	Microsoft Inuktitut terminology (Pirurvik): status
fw:T_STABLE	Stable	Aulajjuittuq	low	"does not move" for the stable channel
fw:T_BETA	Beta	`Beta`	medium	kept as is
fw:T_WIFI_UP	Wi-Fi %d dBm  ·  %s  ·  up %s	`Wi-Fi` %d `dBm`  ·  %s  ·  %s	medium	the word for "up" (aulajuq) was dropped: the line wrapped on the status page; the last value is the uptime
fw:T_WIFI_OFFLINE	Wi-Fi offline  ·  up %s	`Wi-Fi` kasuujjaaqsimajuq  ·  %s	medium	offline = kasuujjaaqsimajuq (Microsoft); uptime without a word, like the line above
fw:T_AGE_S	%d s	%d `s`	high	units kept
fw:T_AGE_MIN	%d min	%d `min`	high	units kept
fw:T_AGE_H	%d h %02d	%d `h` %02d	high	units kept
fw:T_AGE_D	%d d	%d ulluit	medium	Tusaalanga glossary: ulluq = day
fw:T_SVC_NOT_USED	not used yet	atuqtaunngittuq suli	low	"not used yet"
fw:T_SVC_WAIT_SYNC	waiting for sync	utaqqijuq	medium	Tusaalanga glossary: utaqqijuq = waiting
fw:T_SVC_CHECKING	checking...	qaujigiaqtuq...	medium	Microsoft Inuktitut terminology (Pirurvik): check = qaujigiarli
fw:T_SVC_IN_A_ROW	%d failed tries	%d tuglirijut	low	"%d in a row" (failures)
fw:T_SVC_OK_AGO	OK %s ago	`OK` %s qaangiqtuq	low	"OK, %s ago"
fw:T_SVC_NEVER_OK	not reached yet	aturunnanngittuq	low	"could not be used"
fw:T_SVC_OFFERS	offers %s	%s atuinnaq	medium	Microsoft Inuktitut terminology (Pirurvik): available = atuinnaq
fw:T_API_FORECAST	forecast	silamut	low	"forecast" (the API version is no longer shown)
fw:T_API_AIR	air quality	anirsaq	low	"air quality" (the API version is no longer shown)
fw:T_API_TILES	tiles	nunannguat	medium	nunannguaq = map
fw:T_API_UPDATES	updates	nutaaruriarniit	medium	Microsoft Inuktitut terminology (Pirurvik): update = nutaaruriarli
fw:T_ERR_CONNECT	Can't connect	Kasurunnanngittuq	medium	Microsoft Inuktitut terminology (Pirurvik): connect = kasurli; -runnanngit- cannot
fw:T_ERR_TIMEOUT	Timed out	Piviksaq qaangiqtuq	low	"the time passed"
fw:T_ERR_NO_REPLY	No reply	Kiujjuittuq	medium	"does not answer"
fw:T_ERR_BAD_REPLY	Bad response	Kiujjutaa tammaqtuq	low	Microsoft Inuktitut terminology (Pirurvik): error = tammarniq
fw:T_ERR_EMPTY	Empty reply	Kiujjutaa imaqanngittuq	low	"its answer is empty"
fw:T_WHATS_NEW	What's new	Nutaat	medium	"new things"
fw:T_PILL_UPDATE	Update %s	Nutaaq %s	medium	"new %s" (pill on the weather screen)
fw:T_PILL_UPDATING	Updating %d%%	Nutaaruriaqtuq %d%%	medium	Microsoft Inuktitut terminology (Pirurvik): update
fw:T_UP_DOWNLOADING	Downloading... keep it plugged in	Minarijuq... kasuqsimatillugu	low	Microsoft Inuktitut terminology (Pirurvik): download = minarili; keep plugged in
fw:T_UP_INSTALLED	Installed. Restarting...	Ilitaujuq. Ikitikkannirtuq...	medium	Microsoft Inuktitut terminology (Pirurvik): install = ilili, restart = ikitikkannirli
fw:T_UP_KEPT	Your settings are kept	Aaqqissimautitit pigijaujut	low	Microsoft Inuktitut terminology (Pirurvik): setting = aaqqissimaut
fw:T_UP_DONE	Updated	Nutaarurijuq	medium	Microsoft Inuktitut terminology (Pirurvik): update
fw:T_UP_BUSY	Updating	Nutaaruriaqtuq	medium	Microsoft Inuktitut terminology (Pirurvik): update
fw:T_UP_AVAILABLE	Update available	Nutaaq atuinnaq	medium	"new, available"
fw:T_UP_YOU_HAVE	%s  ·  you have %s	%s  ·  pigijait %s	low	"you have %s"
fw:T_INSTALL	Install	Ilili	high	Microsoft Inuktitut terminology (Pirurvik): install
fw:T_OTA_NO_SITE	Can't reach the update site	Nutaarurivik kasurunnanngittuq	low	update site unreachable
fw:T_OTA_NO_IMAGE	No app image in the manifest	Ilitaksaq piqanngittuq	low	no app image
fw:T_OTA_NO_START	Download failed to start	Minarniq aulalaunngittuq	low	Microsoft Inuktitut terminology (Pirurvik): download = minarniq
fw:T_OTA_WRONG	Wrong firmware image	Ilitaksaq tammaqtuq	low	wrong image
fw:T_OTA_INTERRUPTED	Download interrupted	Minarniq nuqqaqtuq	low	download stopped
fw:T_OTA_BAD_SITE	Unexpected reply from the update site	Nutaarurivik kiujjutinga tammaqtuq	low	"the update site's answer is wrong"; from T_OTA_NO_SITE
fw:T_OTA_ROLLED_BACK	%s was undone: the display restarted before it was confirmed	%s piiqtauqtuq: saqqiqtitsijuq aullaqsikkannilauqtuq	low	"%s was removed: the display restarted"; needs review
fw:T_OTA_INVALID	Downloaded image is invalid	Minaq atujunnanngittuq	low	Microsoft Inuktitut terminology (Pirurvik): download (noun) = minaq
fw:T_DONE	Done	Pijariiqtuq	medium	"it is finished"; the longer pijariiqsimajuq was clipped by the circle at the top of Settings
fw:T_SEC_SCREEN	SCREEN	Igalaujaq	medium	Microsoft Inuktitut terminology (Pirurvik): full screen = igalaujalimaaq
fw:T_SEC_UNITS	UNITS	Uuktuutit	low	"measures"
fw:T_SEC_MORE	MORE	Suli	high	Microsoft Inuktitut terminology (Pirurvik): more = suli
fw:T_DIM_QUIET	Dim when quiet	Taanikilliq	low	"dims"; the full "taanikilliq nipaittumi" (dim when quiet) ran into the switch
fw:T_WAKE_PICKUP	Wake on pick-up	Kivittaugaangat	low	"when it is lifted" (wakes); "ikitsiq kivittaugaangat" ran into the switch
fw:T_TIMING	Timing	Piviksait	low	"set times" (dim / off delays)
fw:T_T_SHORT	Short	Naittut	medium	naittuq = short
fw:T_T_NORMAL	Normal	Naammaktut	low	"suitable / normal"
fw:T_T_LONG	Long	Takijut	medium	takijuq = long
fw:T_T_CUSTOM	Custom	Namminiq	medium	Microsoft Inuktitut terminology (Pirurvik): manual = namminiq kamagilugu
fw:T_TEMPERATURE	Temperature	Uunarniq	medium	temperature (warmth)
fw:T_WIND	Wind	Anuri	medium	wind
fw:T_CLOCK	Clock	Ikarraat	low	Tusaalanga glossary: ikarraaq = hour
fw:T_LANGUAGE	Language	Uqausiq	high	Microsoft Inuktitut terminology (Pirurvik): language = pilirijjutinut uqausiq
fw:T_SEC_SOUND	SOUND	Nipi	high	nipi = sound
fw:T_CHIME	Alert sound	Inirtiruti nipi	medium	Microsoft Inuktitut terminology (Pirurvik): warning = inirtiruti
fw:T_CHIME_OFF	Off	Qamittuq	medium	Microsoft Inuktitut terminology (Pirurvik): turn off = qamilli
fw:T_CHIME_RED	Red	Aupaluktut	high	aupaluktuq = red
fw:T_CHIME_ORANGE	Orange+	`Orange`+	low	no confident word for orange
fw:T_CHIME_ALL	All	Tamarmik	high	tamarmik = all
fw:T_VOLUME	Volume	Nipiqquqtusigiarut	high	Microsoft Inuktitut terminology (Pirurvik): volume
fw:T_TEST_SOUND	Test the sound	Naalaguk nipi	medium	"listen to the sound"
fw:T_PHONE	Location & more (phone)	Suli uqaalautiralaarmi	medium	kept from "More on your phone" (the row now says "Location & more (phone)")
fw:T_WIFI_NETWORK	Wi-Fi network	`Wi-Fi` kasuqatigiit	medium	Microsoft Inuktitut terminology (Pirurvik): network = kasuqatigiitsimajut
fw:T_UPDATES	Updates	Nutaat	low	"new things"; "nutaaruriarniit" ran into the "Check now >" value on the Settings row
fw:T_RESTART	Restart	Ikitikkannirli	high	Microsoft Inuktitut terminology (Pirurvik): restart
fw:T_CHECK_NOW	Check now >	Qaujigiarli >	high	Microsoft Inuktitut terminology (Pirurvik): check = qaujigiarli
fw:T_CHECKING	Checking...	Qaujigiaqtuq...	medium	Microsoft Inuktitut terminology (Pirurvik): check
fw:T_UP_TO_DATE	Up to date	Nutaaujuq	medium	"is new / current"
fw:T_FAILED	Failed	Tammaqtuq	medium	Microsoft Inuktitut terminology (Pirurvik): error = tammarniq
fw:T_TAP_AGAIN	Tap again	Naqikkannirli	medium	Microsoft Inuktitut terminology (Pirurvik): tap = naqilli; -kanniq- again
fw:T_RESTARTING	Restarting...	Ikitikkannirtuq...	medium	Microsoft Inuktitut terminology (Pirurvik): restart
fw:T_BRIGHTNESS	Brightness %d%%	Qaumaninga %d%%	high	Microsoft Inuktitut terminology (Pirurvik): brightness = qaumaninga
fw:T_SETTINGS	Settings	Aaqqissimautit	medium	Microsoft Inuktitut terminology (Pirurvik): setting = aaqqissimaut
fw:T_HINT_TITLE	Choose your location	Inigijait qinirlugu	low	"choose your place"; inigi- (place where one lives) + qinir- (look for); needs review
fw:T_HINT_HELP	%s\nScan with your phone to choose\nyour city and other settings.\n\nTap to close	%s\nAjjiliurli uqaalautiralaarmut\nnunaliit aaqqissimautillu qinirlugit.\n\nNaqilli: matuli	low	"photograph (scan) with your phone / choose the town and settings / tap: close"; from T_OV_HELP
fw:T_GEST_TITLE	Getting around	Qanuq atuqtauvaa	low	"how it is used"; needs review
fw:T_GEST_HELP	Swipe sideways: other screens\nDrag up or down: your places\nTap a day: hour by hour\nPress and hold: settings\n\nTap to close	Nirululli saumimut talirpimullu: asingit\nQulimut ataanullu: inigijatit\nUllu naqilugu: ikarraani\nNaqillugu naqimmili: aaqqissimautit\n\nNaqilli: matuli	low	"swipe left and right: the others / up and down: your places / tap a day: by the hour / long-press: settings / tap: close"; from T_WIFI_JOIN, T_CONNECTING, T_SETTINGS; needs review
fw:T_OV_HELP	%s\nScan with your phone and accept\nthe certificate warning.\n\nLong-press for Wi-Fi setup\nTap to close	%s\nAjjiliurli uqaalautiralaarmut ammalu\ninirtiruti angiqtauli.\n\nNaqillugu naqimmili: `Wi-Fi`\nNaqilli: matuli	low	Microsoft Inuktitut terminology (Pirurvik): scan = ajjiliurli, press and hold = naqillugu naqimmili, tap = naqilli, close = matuli
fw:T_WIFI_RECEIVED	Wi-Fi received	`Wi-Fi` pijaujuq	low	"Wi-Fi received"
fw:T_WIFI_GOT	Got \"%s\" from your phone.\nRestarting...	"%s" uqaalautiralaarmit.\nIkitikkannirtuq...	low	"%s" from the phone, restarting
fw:T_WIFI_DPP_FAIL	That didn't work. Swipe right\nand join the setup network.	Tammaqtuq.\nNirululli taliqpimut.	low	shortened Oct 5 to the two phrases already reviewed (that did not work; swipe right); the English also says "and join the setup network": a reviewer may add it; taliqpik = right
fw:T_WIFI_SETUP	Wi-Fi setup	`Wi-Fi` aaqqissimautit	medium	Microsoft Inuktitut terminology (Pirurvik): setting
fw:T_WIFI_JOIN	Scan to join %s\n(password %s).\nAndroid? Swipe left to skip\nthe password	Ajjiliurli kasurlugu %s\n(isirut %s).\n`Android`? Nirululli saumimut\nisirut piiqlugu	low	Microsoft Inuktitut terminology (Pirurvik): password = isirut, swipe = nirululli; saumik = left
fw:T_WIFI_DPP_TITLE	Android: Easy Connect	`Android: Easy Connect`	high	product names
fw:T_WIFI_DPP_HOW	With your phone on your Wi-Fi,\nscan this (camera or any QR app).\nYour phone sends its network.\nSwipe right for other phones	Ajjiliurli uqaalautiralaarmut\n`Wi-Fi`-miittumut.\nUqaalautiralaaq kasuqatigiinnik tuniijuq.\nNirululli taliqpimut: asingit	low	ajjiliurli uqaalautiralaarmut = scan with your phone (as T_OV_HELP); `Wi-Fi`-miittumut = (the phone) that is on the Wi-Fi, -miittuq as in web:pwTip; tuniijuq = gives; asingit = the others
fw:T_WIFI_DPP_NONE	Easy Connect isn't available.\nSwipe right for other phones.	`Easy Connect` atuinnaunngittuq.\nNirululli taliqpimut: asingit.	low	Microsoft Inuktitut terminology (Pirurvik): available = atuinnaq
fw:T_TAP_RETRY	Tap to try again	Naqilli: kasukkannirli	low	"tap: connect again" (kasur- connect, -kanniq- again; Microsoft: connect = kasurli)
fw:T_TAP_CANCEL	Tap to cancel	Naqilli: qujanaarli	medium	Microsoft Inuktitut terminology (Pirurvik): cancel = qujanaarli
fw:T_WEATHER	Weather	Sila	high	Tusaalanga glossary: sila = weather
fw:T_STARTING	Starting...	Pigiaqtuq...	medium	"starting"
fw:T_CONNECTING	Connecting to\n%s\n\nLong-press for Wi-Fi setup	Kasuqtuq\n%s\n\nNaqillugu naqimmili: `Wi-Fi`	medium	Microsoft Inuktitut terminology (Pirurvik): connect
fw:T_FETCHING	Fetching forecast...\n\nLong-press for Wi-Fi setup	Silamik qaujisaqtuq...\n\nNaqillugu naqimmili: `Wi-Fi`	low	"looking up the weather"
fw:T_CONNECTED	Connected	Kasuqsimajuq	high	Microsoft Inuktitut terminology (Pirurvik): online = kasuqsimajuq
fw:T_CANT_REACH	Can't reach %s\nTap to try again	%s kasurunnanngittuq\nNaqilli: kasukkannirli	low	"cannot reach %s / tap: connect again"
fw:T_FORECAST_RETRY	Can't reach the forecast service.\nRetrying.	Silamik qaujisarvik kasurunnanngittuq.\nKasukkanniqtuq.	low	"weather service cannot be reached / connecting again"; from T_FETCHING, T_ERR_CONNECT
fw:T_UPDATED_MIN	Updated %d min ago	Nutaaqqiqtaujuq: %d `min`	low	"updated: N min (ago)"; the "ago" is implied; needs review
fw:T_UPDATED_H	Updated %d h ago	Nutaaqqiqtaujuq: %d `h`	low	"updated: N h (ago)"
fw:T_NO_CONNECTION	No connection	Kasurunnanngittuq	medium	as T_ERR_CONNECT ("cannot connect")
fw:T_STILL_TRYING	Can't reach %s\nStill trying\n\nLong-press for Wi-Fi setup	%s kasurunnanngittuq\nKasukkanniqtuq\n\nNaqillugu naqimmili: `Wi-Fi`	low	"cannot reach %s / connecting again / long-press: Wi-Fi" from T_CANT_REACH and T_CONNECTING
fw:T_FIRST_SETUP	First-time setup	Sivulliq aaqqiksuiniq	low	"first arrangement"
fw:T_RADAR	Radar	`Radar`	medium	kept as is
fw:T_RADAR_AT	Radar %s  ·  %s	`Radar` %s  ·  %s	medium	
fw:T_RADAR_NOTIME	Radar  ·  %s	`Radar`  ·  %s	medium	
fw:T_PAST_3H	Past 3 hours  ·  tap to stop	3 ikarraat qaangiqtut  ·  naqilli nuqqarlugu	low	"past 3 hours, tap to stop"
fw:T_LOADING_PAST	Loading past 3 h... %d/%d	3 ikarraat... %d/%d	low	loading the last 3 hours
fw:T_NO_WIFI	No Wi-Fi	`Wi-Fi` piqanngittuq	medium	"no Wi-Fi"
fw:T_LOADING_RADAR	Loading radar...	`Radar`... utaqqiritsi	low	
fw:T_RADAR_NA	Radar unavailable	`Radar` atuinnaunngittuq	medium	Microsoft Inuktitut terminology (Pirurvik): available = atuinnaq
fw:T_PREP_MAPS	Preparing maps	Nunannguat upalungaijaqtut	low	upalungaiji- = prepare
fw:T_PREP_PROGRESS	Downloading radar maps\nzoom level %d of %d\n\n%d / %d tiles	Nunannguat minarijut\n%d / %d\n\n%d / %d nunannguat	low	zoom level x of y, tiles x of y
fw:T_LOADING_MAP	Loading map %d/%d	Nunannguaq %d/%d	medium	
fw:T_MAPS_LOADING	Maps still downloading	Nunannguat suli minarijut	medium	Microsoft Inuktitut terminology (Pirurvik): download
fw:T_ZOOM_CLOSEST	Closest zoom	Angilligiarunnanngittuq	medium	"cannot zoom in more"
fw:T_ZOOM_WIDEST	Widest zoom	Mikilligiarunnanngittuq	medium	"cannot zoom out more"
fw:T_ZOOM_IN	Zoom in	Angilligiarli	high	Microsoft Inuktitut terminology (Pirurvik): zoom in
fw:T_ZOOM_OUT	Zoom out	Mikilligiarli	high	Microsoft Inuktitut terminology (Pirurvik): zoom out
web:title	Weather display	Silamut saqqijaut	low	"weather display" (saqqijaut = shower/display device)
web:places	Places	Iniit	high	Tusaalanga glossary: ini = place
web:placesHelp	Tap a place to change it. On the display, drag up or down on the weather screen to switch.	Ini naqilli asijjirlugu. Saqqijaummi, silaup igalaujaani nusuarli qulimut uvvaluunniit atimut asianut ikaarlugu.	low	Microsoft Inuktitut terminology (Pirurvik): tap = naqilli, drag = nusuarli; qulimut = up, atimut = down
web:setupPlaces	This setup network has no internet, so the map and the place search won't load here. Save your Wi-Fi first, then choose your places on the secure page (the display shows its code). Or type the coordinates now.	Una kasuqatigiit `internet`-qanngittuq: nunannguaq nunaliillu qinirninga maani takuksaunngittut. `Wi-Fi` jagajjairli sivulliqpaamik, taavani inigijatit qinirlugit mappigarmi pijjaiqsimajumi (saqqijaut ajjiliugaminik takutitsijuq). Uvvaluunniit naasautit naqittaurlugit maanna.	low	built from this sheet: kasuqatigiit = network, nunannguaq = map, qinirli = find, jagajjairli = save, mappigaq pijjaiqsimajuq = secure page, naasautit = coordinates (mapNoNet, gpsNote1); a reviewer should check it all
web:addPlace	＋ Add a place	＋ Ini ilali	medium	Microsoft Inuktitut terminology (Pirurvik): add = ilali
web:nameLabel	Name shown on the display	Atiq saqqijaummi	medium	Microsoft Inuktitut terminology (Pirurvik): name = atiq
web:namePh	e.g. Cottage	assinga: Aujarvik	low	aujarvik = summer place / camp
web:findCity	Find a city	Nunalik qinirli	medium	Tusaalanga glossary: nunalik = community; Microsoft Inuktitut terminology (Pirurvik): search = qinirli
web:cityPh	e.g. Québec	assinga: Iqaluit	medium	example place name
web:gps	📍 Use my phone's location	📍 Uqaalautiralaaq namiinninga	medium	Microsoft Inuktitut terminology (Pirurvik): location = namiivvik
web:gpsNote1	Phone location only works on the secure page: 	Uqaalautiralaaq namiinninga atuinnaq mappigarmi pijjaiqsimajumi: 	low	Microsoft Inuktitut terminology (Pirurvik): page = mappigaq; protected = pijjaiqsimajuq
web:gpsNote2	 (open it in your browser and accept the certificate warning).	 (matuirlugu ammalu inirtiruti angiqtauli).	low	open it and accept the warning
web:coords	Coordinates	Namiinninga naasautit	low	"location numbers"
web:lat	Latitude	`Latitude`	low	no term found
web:lon	Longitude	`Longitude`	low	no term found
web:cancel	Cancel	Qujanaarli	high	Microsoft Inuktitut terminology (Pirurvik): cancel
web:save	Save	Jagajjairli	high	Microsoft Inuktitut terminology (Pirurvik): save
web:delPlace	Delete this place	Ini una piirli	medium	Microsoft Inuktitut terminology (Pirurvik): delete = piirli
web:units	Units	Uuktuutit	low	"measures"
web:language	Language	Uqausiq	high	Microsoft Inuktitut terminology (Pirurvik): language
web:temperature	Temperature	Uunarniq	medium	temperature (warmth)
web:wind	Wind	Anuri	medium	wind
web:clock	Clock	Ikarraat	low	Tusaalanga glossary: ikarraaq = hour
web:clock24	24-hour (14:45)	24 ikarraat (14:45)	medium	
web:clock12	12-hour (2:45 PM)	12 ikarraat (2:45 `PM`)	medium	
web:unitsNote	Changes apply on the display right away.	Asijjiqsimajut atuliqtut saqqijaummi maanna.	low	Microsoft Inuktitut terminology (Pirurvik): apply = atuliqtilli
web:presTitle	Screen & presence	Igalaujaq ammalu inuit	low	"screen and people"
web:calibrate	🎙️ Calibrate background (stay quiet 5 s)	🎙️ Nipiit uuktuqsiurli (nipaillutit 5 `s`)	low	"measure the sounds (be quiet 5 s)"
web:dimQuiet	Dim and turn off the screen when the room is quiet	Taanikilligiarli ammalu qamilli igalaujaq nipaittumi	low	Microsoft Inuktitut terminology (Pirurvik): dim, turn off
web:motionWake	Wake up when the display is picked up or moved	Ikilli saqqijaut kivittaugaangat	low	Microsoft Inuktitut terminology (Pirurvik): turn on = ikilli; kivit- = lift
web:pickSens	Pick-up sensitivity	Kivittauniup pituinnaunginninga	low	Microsoft Inuktitut terminology (Pirurvik): sensitivity = pituinnaunginninga
web:sensHigh	High: a firm bump on the table wakes it	Angijuq: nirraliqtuq ikitsijuq	low	"high: a knock wakes it"
web:sensNormal	Normal: picking it up or tilting it	Naammaktuq: kivittaugaangat	low	"normal: when lifted"
web:sensLow	Low: only a clear lift	Mikijuq: kivittaualuugaangat taima	low	"low: only when clearly lifted"
web:timingPreset	Timing preset	Piviksait	low	"set times"
web:pTesting	Testing: dim 10 s, off 30 s	Uuktuut: 10 `s` · 30 `s`	low	test preset: dim 10 s, off 30 s
web:pShort	Short: dim 2 min, off 15 min	Naittut: 2 `min` · 15 `min`	medium	dim / off times
web:pNormal	Normal: dim 10 min, off 60 min	Naammaktut: 10 `min` · 60 `min`	low	dim / off times
web:pLong	Long: dim 30 min, off 3 h	Takijut: 30 `min` · 3 `h`	medium	dim / off times
web:pCustom	Custom	Namminiq	medium	Microsoft Inuktitut terminology (Pirurvik): manual
web:dimAfter	Dim after (quiet)	Taanikilligiarli (nipaittumi)	low	Microsoft Inuktitut terminology (Pirurvik): dim
web:offAfter	Turn off after (total quiet)	Qamilli (nipaittumi tamarmik)	low	Microsoft Inuktitut terminology (Pirurvik): turn off
web:wakeAfter	Wake after (s of sound)	Ikilli (`s` nipimik)	low	seconds of sound
web:sensDb	Sensitivity (dB)	Pituinnaunginninga (`dB`)	medium	Microsoft Inuktitut terminology (Pirurvik): sensitivity
web:bright	Brightness (%)	Qaumaninga (%)	high	Microsoft Inuktitut terminology (Pirurvik): brightness
web:dimmed	Dimmed (%)	Taanikilliqsimajuq (%)	low	Microsoft Inuktitut terminology (Pirurvik): dim
web:saveScreen	Save screen settings	Igalaujaup aaqqissimautinga jagajjairli	low	Microsoft Inuktitut terminology (Pirurvik): save, setting
web:connectedTo	Connected to: 	Kasuqsimajuq: 	high	Microsoft Inuktitut terminology (Pirurvik): online
web:scan	📶 Scan for networks	📶 Kasuqatigiit qinirli	medium	Microsoft Inuktitut terminology (Pirurvik): network, search
web:scanAgain	📶 Scan again	📶 Qinikkannirli	medium	search again
web:scanning	Scanning…	Qiniqtuq…	medium	searching
web:netName	Network name	Kasuqatigiit atingat	medium	network name
web:netPh	Pick one above or type it	Niruarli qulaaniittumit uvvaluunniit naqittaurlugu	low	Microsoft Inuktitut terminology (Pirurvik): choose = niruarli; keyboard = naqittaut
web:password	Password	Isirut	high	Microsoft Inuktitut terminology (Pirurvik): password = isirut
web:show	Show	Saqqilli	high	Microsoft Inuktitut terminology (Pirurvik): show = saqqilli
web:hide	Hide	Iriqsili	low	hide
web:showPw	Show password	Isirut saqqilli	medium	
web:hidePw	Hide password	Isirut iriqsili	low	
web:pwTip	Password saved on your phone? Copy it	Isirut uqaalautiralaarmiittuq? Ajjiliurli	low	
web:pwTipList	<li><b>iPhone</b> (iOS 16+): Settings → Wi-Fi → tap <b>ⓘ</b> next to your network → tap <b>Password</b> (Face ID) → <b>Copy</b>, then come back here and paste.</li><li><b>Android</b> 10+: no typing needed. On the display's Wi-Fi setup screen, swipe left for <b>Easy Connect</b> and scan its code with the phone's camera or any QR scanner while the phone is on your home Wi-Fi. Or Settings → Wi-Fi → your network → <b>Share</b>: the password is under the QR code.</li>	`<li><b>iPhone</b> (iOS 16+): Settings → Wi-Fi → ⓘ → <b>Password</b> (Face ID) → <b>Copy</b>.</li><li><b>Android</b> 10+: Easy Connect · Settings → Wi-Fi → <b>Share</b>.</li>`	low	steps kept with the phones' own (English) menu names; a reviewer could add Inuktitut instructions
web:saveWifi	Save Wi-Fi & restart	`Wi-Fi` jagajjairli ammalu ikitikkannirli	medium	Microsoft Inuktitut terminology (Pirurvik): save, restart
web:firmware	Firmware	Qarasaujaup pilirijjutinga	low	firmware (device program)
web:installed	Installed: 	Ilitaujuq: 	medium	Microsoft Inuktitut terminology (Pirurvik): install
web:updatesLbl	Updates	Nutaaruriarniit	medium	Microsoft Inuktitut terminology (Pirurvik): update
web:chStable	Stable releases	Aulajjuittut	low	stable releases
web:chBeta	Beta (release candidates)	`Beta`	medium	
web:checkUpd	Check for updates	Nutaaruriarniit qaujigiarli	medium	Microsoft Inuktitut terminology (Pirurvik): check, update
web:saved	Saved	Jagajjairsimajuq	medium	Microsoft Inuktitut terminology (Pirurvik): save
web:notSaved	Not saved ({0})	Jagajjairsimanngittuq ({0})	medium	
web:noReach	Could not reach the display	Saqqijaut kiujjuittuq	low	"the display does not answer"
web:showing	Showing {0} on the display.	{0} saqqijaummi saqqiqtuq.	low	"{0} is showing on the display"
web:newPlace	New place	Ini nutaaq	medium	new place
web:editPlace	Edit {0}	{0} aaqqigiarli	high	Microsoft Inuktitut terminology (Pirurvik): edit = aaqqigiarli
web:onScreen	On screen	Igalaujarmi	medium	on the screen
web:mapHelp	Tap the map or drag the pin to the exact spot.	Nunannguaq naqilli uvvaluunniit kikiak nusuarli.	low	Microsoft Inuktitut terminology (Pirurvik): pin = kikiagli, drag = nusuarli
web:mapNoNet	The map needs internet on this phone. Find a city, or enter the coordinates below.	Nunannguaq `internet`-mik pijariaqaqtuq. Nunalik qinirli uvvaluunniit naasautit naqittaurlugit.	low	
web:failed	That didn't work.	Tammaqtuq.	medium	error
web:delConfirm	Delete {0}?	{0} piirli?	medium	Microsoft Inuktitut terminology (Pirurvik): delete
web:deleted	Deleted {0}.	{0} piiqsimajuq.	medium	
web:cantRead	Could not read settings from the display	Aaqqissimautit atuqtaujunnanngittut	low	
web:noNets	No networks found. Try again.	Kasuqatigiinnik nanisinngittuq. Qinikkannirli.	low	
web:enterPw	Enter the password for {0}.	{0} isiruta naqittaurlugu.	low	
web:openNet	{0} is an open network; no password needed.	{0} matuirsimajuq; isirut pijariaqanngittuq.	low	
web:scanFail	Scan failed, try again.	Qiniqtuq tammaqtuq. Qinikkannirli.	low	
web:myLocation	My location	Namiinninga	medium	Microsoft Inuktitut terminology (Pirurvik): location
web:myPlace	My place	Iniga	medium	my place
web:needSecure	Phone location needs the secure page (link above).	Namiinninga mappigarmi pijjaiqsimajumi atuinnaq.	low	
web:gettingLoc	Getting your location…	Namiinninga qiniqtuq…	low	
web:gotIt	Got it. Check the pin, then tap Save.	Nanijuq. Kikiak qaujigiarli, jagajjairlilu.	low	
web:locUnavail	Location unavailable: {0}	Namiinninga atuinnaunngittuq: {0}	medium	
web:cityPicked	{0}: move the pin if needed, then tap Save.	{0}: kikiak nusuarli, jagajjairlilu.	low	
web:searchNoNet	City search needs internet on this phone.	Qiniqtuq `internet`-mik pijariaqaqtuq.	low	
web:badCoords	Pick a spot on the map or enter valid coordinates.	Nunannguarmi ini niruarli uvvaluunniit naasautit naqittaurlugit.	low	
web:nameLong	This name is too long for the display. Shorten it.	Atia takiluaqtuq. Naittukkulirlugu.	low	"the name is too long; shorten it"
web:savedUpdating	Saved. The display is updating.	Jagajjairsimajuq. Saqqijaut nutaaruriaqtuq.	medium	
web:addedPlace	Added {0}. Drag up or down on the display to see it.	{0} ilaliqsimajuq. Saqqijaummi nusuarli qulimut uvvaluunniit atimut.	low	
web:savedPlace	Saved {0}. Drag up or down on the display to see it.	{0} jagajjairsimajuq. Saqqijaummi nusuarli qulimut uvvaluunniit atimut.	low	
web:saveFailed	Save failed.	Jagajjairniq tammaqtuq.	medium	
web:chooseNet	Choose a network.	Kasuqatigiit niruarli.	medium	Microsoft Inuktitut terminology (Pirurvik): choose
web:wifiSaved	Saved. The display is restarting.	Jagajjairsimajuq. Saqqijaut ikitikkannirtuq.	medium	
web:stActive	Active	Aulajuq	medium	active
web:stDim	Dimmed	Taanikilliqsimajuq	low	Microsoft Inuktitut terminology (Pirurvik): dim
web:stOff	Screen off	Igalaujaq qamittuq	medium	Microsoft Inuktitut terminology (Pirurvik): turn off
web:calibrating	Calibrating… {0} s	Uuktuqsiuqtuq… {0} `s`	low	
web:noMic	No microphone	Nipiliurut piqanngittuq	low	no microphone
web:brightNow	brightness {0}%	qaumaninga {0}%	high	Microsoft Inuktitut terminology (Pirurvik): brightness
web:soundLine	Sound {0} dB · trigger {1} dB (background {2} + {3})	Nipi {0} `dB` · {1} `dB` ({2} + {3})	low	sound level, trigger, background
web:quietFor	Quiet for {0} (dims at {1})	Nipaittuq {0} ({1})	low	quiet for, dims at
web:wakeProg	Wake-up progress {0}% (needs {1} s of sound)	Ikitsiniq {0}% ({1} `s` nipimik)	low	
web:movement	Movement {0} g · wakes at {1} g	Aulaniq {0} `g` · {1} `g`	low	movement, wake threshold
web:calStart	Calibrating: stay quiet for 5 seconds…	Uuktuqsiuqtuq: nipaillutit 5 `s`…	low	
web:calNA	Calibration unavailable.	Uuktuqsiurniq atuinnaunngittuq.	low	
web:calFail	Calibration failed.	Uuktuqsiurniq tammaqtuq.	low	
web:offLonger	"Turn off after" must be longer than "Dim after".	"Qamilli" takinirualuujariaqaqtuq "Taanikilligiarli"-mit.	low	
web:savedDot	Saved.	Jagajjairsimajuq.	medium	
web:presetFilled	Preset filled in. Tap Save to apply.	Piviksait ilisimaliqtut. Jagajjairli.	low	
web:fwIdle	Checks for updates a minute after start-up, then every 6 hours.	Nutaaruriarniit qaujigiaqtuq ikarraaq 6 tamaan.	low	every 6 hours
web:fwChecking	Checking…	Qaujigiaqtuq…	medium	
web:fwUpToDate	Up to date{0}.	Nutaaujuq{0}.	medium	
web:fwLatest	 (latest: {0})	 (kingulliq: {0})	medium	latest
web:fwAvailable	Version {0} is available.	{0} atuinnaq.	medium	Microsoft Inuktitut terminology (Pirurvik): available
web:fwDownloading	Downloading {0}… {1} %. Keep the display plugged in.	{0} minarijuq… {1} %. Saqqijaut kasuqsimatillugu.	low	
web:fwDone	Installed. The display is restarting…	Ilitaujuq. Saqqijaut ikitikkannirtuq…	medium	
web:fwFailed	Update check failed: {0}.	Qaujigiarniq tammaqtuq: {0}.	low	
web:fwRolledBack	{0} was undone: the display restarted before it was confirmed.	{0} piiqtauqtuq: saqqiqtitsijuq aullaqsikkannilauqtuq.	low	as T_OTA_ROLLED_BACK
web:unknownErr	unknown error	tammarniq	medium	Microsoft Inuktitut terminology (Pirurvik): error
web:installX	Install {0}	{0} ilili	high	Microsoft Inuktitut terminology (Pirurvik): install
web:theUpdate	update	nutaaruriarniq	medium	
web:installConfirm	Install {0}? The display restarts when it is done; settings are kept.	{0} ilili? Saqqijaut ikitikkannirniaqtuq; aaqqissimautit pigijaujut.	low	
web:noAnswer	The display did not answer	Saqqijaut kiunngittuq	low	
web:whatsNew	What's new	Nutaat	medium	
web:pageError	Page error: {0} (line {1})	Tammarniq: {0} ({1})	medium	
web:soundTitle	Sound	Nipi	high	sound
web:chimeFor	Sound for new weather alerts	Nipi silamut inirtirutinut nutaanut	low	Microsoft Inuktitut terminology (Pirurvik): warning = inirtiruti
web:lvOff	Off	Qamittuq	medium	
web:lvRed	Red alerts only	Aupaluktut taima	medium	red only
web:lvOrange	Orange and red alerts	`Orange` ammalu aupaluktut	low	
web:lvAll	All alerts (yellow and statements too)	Tamarmik	high	all
web:volume	Volume	Nipiqquqtusigiarut	high	Microsoft Inuktitut terminology (Pirurvik): volume
web:quietFrom	Quiet from	Nipaittuq	low	quiet from
web:quietTo	Until	Tikillugu	low	until
web:testChime	🔔 Test the sound	🔔 Naalaguk nipi	medium	
web:quietNote	No sound during quiet hours, except for red alerts. Each warning sounds once, and again if it gets worse. The same start and end time means no quiet hours.	Nipaittumi nipiqanngittuq, aupaluktut kisiani. Inirtiruti atausiaq nipiqaqtuq.	low	the earlier draft; the new English adds "again if it gets worse" and "same times = no quiet hours": not translated yet
web:noSpeaker	No speaker found on this display.	Nipiqaut piqanngittuq.	low	Microsoft Inuktitut terminology (Pirurvik): speaker = nipiqaut
web:betaNote	Release candidates: new features a few days early. They are tested, but a problem is more likely than with stable releases.	`Beta`: nutaat ullunik sivulliqpiaqsaqtut. Misiliqtaujut, kisiani ajurnarniqsauvut aulajjuittunit.	low	"new things a few days earlier; tested, but more likely to have a problem than stable ones"; needs review
web:needKey	To change settings, scan the code on the display: press and hold the weather screen. This phone then remembers it.	Aaqqissimautit asijjiqsuqqunnatit, ajjiliurli titiraujamut saqqiqtumi: naqillugu naqimmili silamut. Uqaalautiralaarmut puiguqtaililugu.	low	"to change settings, photograph (scan) the code shown: long-press the weather screen; the phone won't forget it" from T_SETTINGS, T_OV_HELP; needs review
site:pageTitle	Weather Display – Web Flasher	Silamut saqqijaut – ilili	low	browser tab title: "weather display – install" (as web:title; Microsoft Inuktitut terminology (Pirurvik): install = ilili)
site:pageDesc	Install the weather display firmware on a Waveshare ESP32-S3-Touch-AMOLED-1.75 from your browser.	Silamut saqqijaut: `Waveshare ESP32-S3-Touch-AMOLED-1.75`-mut ilili maani.	low	"weather display: install it for the Waveshare board, here" (search engines and link previews)
site:brand	Weather Display	Silamut saqqijaut	low	same as web:title (saqqijaut = display device)
site:langLabel	Language	Uqausiq	high	Microsoft Inuktitut terminology (Pirurvik): language (label of the language picker)
site:ghLink	<span class="long">Source on </span>GitHub	<span class="long">Pilirijjutit </span>`GitHub`	low	"programs" for source code (no term found); the first word is hidden on phones
site:draft	Draft	Isulinngittuq	low	"it is not finished" (isuli- finish, -nngit- not) for "draft"
site:iuNote	The Inuktitut text is a first draft that a fluent speaker hasn't reviewed yet. <a href="https://github.com/TheMonkeyz/esp32-s3-weather/tree/main/docs/translations">Help review it</a>.	Inuktitut suli qaujigiaqtaunngittuq. <a href="https://github.com/TheMonkeyz/esp32-s3-weather/tree/main/docs/translations">Ikajurli</a>.	low	"Inuktitut has not been checked yet. Help" (link to docs/translations); Microsoft Inuktitut terminology (Pirurvik): check = qaujigiarli; ikajuq- = help
site:eyebrow	For the Waveshare <span class="nw">ESP32-S3-Touch-AMOLED-1.75</span>	`Waveshare` <span class="nw">`ESP32-S3-Touch-AMOLED-1.75`-mut</span>	medium	"for the …" (-mut)
site:lead	Current weather, a 3-day and hourly forecast, and an animated rain radar on a round AMOLED screen. Install it straight from this page.	Sila maanna, 3 ulluit ikarraallu, `Radar`-lu. Igalaujaq angmaluqtuq. Maani ilili.	low	"weather now, 3 days and hours, and radar. The screen is round. Install here." angmaluqtuq = round: check
site:chipKeys	No API keys	`API` isirut pijariaqanngittuq	low	"no API password needed" (isirut pijariaqanngittuq as web:openNet)
site:chipOta	Updates over Wi-Fi	Nutaaruriarniit `Wi-Fi`-kkut	medium	Microsoft Inuktitut terminology (Pirurvik): update; -kkut = through
site:chipLangs	English, French, Inuktitut	Qallunaatitut, uivititut, inuktitut	high	Tusaalanga glossary language names
site:installTitle	Install the firmware	Qarasaujaup pilirijjutinga ilili	low	firmware as web:firmware; Microsoft Inuktitut terminology (Pirurvik): install = ilili
site:chLabel	Firmware channel	Nutaaruriarniit	medium	as web:updatesLbl (spoken label of the Stable / Beta choice)
site:chStable	Stable	Aulajjuittuq	low	as fw:T_STABLE ("does not move")
site:chBeta	Beta	`Beta`	medium	kept, as fw:T_BETA
site:verNone	none right now	piqanngittuq	medium	"there is none" (no Beta release right now), as in fw:T_NO_WIFI
site:verLoading	Loading version…	Utaqqiritsi…	low	as fw:T_LOADING ("please wait")
site:verFw	Firmware {0}	Qarasaujaup pilirijjutinga {0}	low	firmware + version number, as web:firmware
site:verBuilt	built {0}	sanajaujuq {0}	low	"made" + build date (sana- = make, -jau- passive)
site:verFail	Firmware version unavailable	Qarasaujaup pilirijjutinga atuinnaunngittuq	medium	unavailable as fw:T_RADAR_NA
site:betaWarn	Beta builds are release candidates for testing the next version and may have bugs. You can go back to Stable at any time the same way (leave <i>Erase device</i> unticked).	`Beta`: uuktuut. Tammarniqaqsinnaqtuq. Aulajjuittumut utirunnaqtutit: <i>`Erase device`</i> naqinnagu.	low	"Beta: a test. It may have errors. You can go back to Stable: don't tick Erase device" (the installer's own English label); uuktuut as web:pTesting, tammarniq = error (Microsoft)
site:installBtn	Connect & install	Kasurli ammalu ilili	medium	Microsoft Inuktitut terminology (Pirurvik): connect = kasurli, install = ilili
site:tryIt	Try it in your browser	Maani uukturli	low	"try it here" (the display in the browser; uukturli as site:trouble1, "here" for the browser as site:pageDesc)
site:unsupported	Your browser can't talk to USB devices. Use <b>Chrome</b> or <b>Edge</b> on a computer.	`USB` kasurunnanngittuq. <b>`Chrome`</b> uvvaluunniit <b>`Edge`</b> qarasaujami pijariaqaqtuq.	low	"USB cannot connect. Chrome or Edge on a computer is needed." qarasaujaq = computer
site:notAllowed	This page must be opened over HTTPS (or on localhost) to flash.	Mappigaq `HTTPS`-kkut matuirtaujariaqaqtuq (uvvaluunniit `localhost`).	low	"the page must be opened through HTTPS"; mappigaq = page as web:gpsNote1
site:reqBrowser	Chrome or Edge on a computer	`Chrome` uvvaluunniit `Edge`, qarasaujami	medium	"Chrome or Edge, on a computer"
site:reqCable	USB-C data cable	`USB-C` aklunaaq	low	aklunaaq = rope, cord; no term found for cable
site:reqSteps	See the steps	Maliktaksat	low	"things to follow" (instructions); link to the steps
site:deviceAria	The round display, showing its weather, hourly, radar and extras screens in turn	Saqqijaut: sila, ikarraat, `Radar`, siqiniq taqqirlu	low	spoken label of the picture: the four screens in turn
site:dotsLabel	Show a screen	Igalaujaq saqqilli	medium	"show a screen"; Microsoft Inuktitut terminology (Pirurvik): show = saqqilli
site:scrWeather	Weather	Sila	high	as fw:T_WEATHER
site:scrHourly	Hourly	Ikarraat	low	"hours" for the hourly view (as fw:T_CLOCK)
site:scrRadar	Radar	`Radar`	medium	kept, as fw:T_RADAR
site:scrExtras	Extras	Siqiniq taqqirlu	medium	"sun and moon" (Tusaalanga: siqiniq, taqqiq; -lu = and); the screen has no title on the display
site:scrSettings	Settings	Aaqqissimautit	medium	as fw:T_SETTINGS
site:dotWeather	Weather screen	Silaup igalaujaa	medium	"the weather's screen", as in web:placesHelp
site:dotHourly	Hourly view	Ikarraat	low	as scrHourly
site:dotRadar	Radar screen	`Radar`	medium	kept
site:dotExtras	Extras screen	Siqiniq taqqirlu	medium	as scrExtras
site:notesIn	What's new in	Nutaat	medium	as fw:T_WHATS_NEW ("new things"); the version number follows
site:notesLang	Release notes are in English only.	Qallunaatitut kisiani.	medium	"in English only" (the release notes); kisiani = only, as web:quietNote
site:months	January February March April May June July August September October November December	ᔮᓐᓄᐊᕆ ᕖᕝᕗᐊᕆ ᒫᑦᓯ ᐄᐳᕆ ᒪᐃ ᔫᓂ ᔪᓚᐃ ᐋᒡᒌᓯ ᓯᑎᐱᕆ ᐅᑐᐱᕆ ᓄᕕᐱᕆ ᑎᓯᐱᕆ	high	the display's month names (main/i18n.c), separated by spaces
site:dateFmt	{1} {0}, {2}	{1} {0}, {2}	high	English order as on the display (main/i18n.c): month day, year
site:stepsTitle	Install in five steps	5 maliktaksat	low	"5 things to follow"
site:step1T	Plug it in	`USB-C` aklunaaq	low	"USB-C cord"
site:step1	Plug the board into this computer with a USB-C <b>data</b> cable.	Saqqijaut qarasaujamut kasurli `USB-C` aklunaarmik.	low	"connect the display to the computer with a USB-C cord"; the English stresses a data cable (site:trouble1 says some cords don't work)
site:step2T	Connect	Kasurli	high	Microsoft Inuktitut terminology (Pirurvik): connect
site:step2	Click <b>Connect &amp; install</b> and pick the port named <i>USB JTAG/serial debug unit</i> (or the COM port that appears when you plug it in).	<b>Kasurli ammalu ilili</b> naqilli. <i>`USB JTAG/serial debug unit`</i> niruarli (uvvaluunniit `COM` nutaaq). `ESP Web Tools` qallunaatitut.	low	"tap Connect & install (the button above). Choose USB JTAG/serial debug unit (or the new COM). ESP Web Tools is in English." niruarli = choose (Microsoft)
site:step3T	Erase, or keep your settings	Piirli uvvaluunniit aaqqissimautit pigilugit	low	"delete, or keep the settings"; Microsoft Inuktitut terminology (Pirurvik): delete = piirli
site:step3	First install: tick <b>Erase device</b>. Updating: leave it unticked to keep your <span class="nw">Wi-Fi</span> and settings.	Sivulliq: <b>`Erase device`</b> naqilli. Nutaaruriarniq: naqinnagu; <span class="nw">`Wi-Fi`</span> aaqqissimautillu pigijaujut.	low	"first time: tick Erase device. Update: don't tick it; Wi-Fi and settings are kept" (pigijaujut as fw:T_UP_KEPT)
site:eraseFirst	first install	sivulliq	medium	"first" (as fw:T_FIRST_SETUP)
site:eraseUpd	update	nutaaruriarniq	medium	as web:theUpdate
site:step4T	Join your Wi-Fi	`Wi-Fi`-mut kasurli	medium	"connect to the Wi-Fi"; Microsoft Inuktitut terminology (Pirurvik): connect
site:step4	When it's done the display restarts and shows a <b class="nw">Wi-Fi setup</b> QR code. Scan it with your phone: it joins the display's <i class="nw">Weather-Setup</i> network and the setup page opens by itself. Pick your home <span class="nw">Wi-Fi.</span>	Ilitaujuq: saqqijaut ikitikkannirtuq. <b class="nw">`Wi-Fi` aaqqissimautit</b>: `QR`. Ajjiliurli uqaalautiralaarmut. Uqaalautiralaaq <i class="nw">`Weather-Setup`-mut</i> kasuqtuq. Angirrami `Wi-Fi` niruarli.	low	"installed: the display restarts. Wi-Fi setup (the screen's title, fw:T_WIFI_SETUP): QR. Scan with your phone. The phone connects to Weather-Setup. Choose the home Wi-Fi." angirraq = home
site:step4b	<b class="nw">Android 10+:</b> nothing to type. Swipe the setup screen left to its <b class="nw">Easy Connect</b> code and scan it with the phone (the camera or any QR scanner) while the phone is on your <span class="nw">Wi-Fi.</span> The phone sends the network and its password.	<b class="nw">`Android 10+`:</b> isirut pijariaqanngittuq. Nirululli saumimut: <b class="nw">`Easy Connect`</b>. Ajjiliurli uqaalautiralaarmut `Wi-Fi`-miittumut. Uqaalautiralaaq kasuqatigiinnik tuniijuq.	low	reuses fw:T_WIFI_JOIN, fw:T_WIFI_DPP_HOW and web:openNet: "no password needed; swipe left: Easy Connect; scan with the phone that is on the Wi-Fi; the phone gives its network"
site:step5T	Set your location	Ini ilali	medium	as web:addPlace ("add a place")
site:step5	Later, long-press the weather screen, tap <b>More on your phone</b> and scan the settings QR code.	Silaup igalaujaa naqillugu naqimmili. <b>Suli uqaalautiralaarmi</b> naqilli. `QR` ajjiliurli.	medium	the row label is fw:T_PHONE; press and hold / tap / scan as fw:T_OV_HELP
site:troubleTitle	If it doesn't connect	Kasurunnanngippat	low	"if it cannot connect" (conditional of fw:T_ERR_CONNECT)
site:trouble1	No port listed: try another cable or USB port; some cables only charge.	Piqanngippat: asiamik aklunaarmik uvvaluunniit `USB`-mik uukturli. Ilangit aklunaat atuqtaujunnanngittut.	low	"if there is none: try another cord or USB. Some cords cannot be used." (uuktur- = try, as uuktuut)
site:trouble2	Still nothing: hold <kbd>BOOT</kbd>, tap <kbd>RESET</kbd>, release <kbd>BOOT</kbd>, then try again.	Suli piqanngippat: <kbd>`BOOT`</kbd> naqillugu naqimmili, <kbd>`RESET`</kbd> naqilli, <kbd>`BOOT`</kbd> naqinnagu. Uuktukkannirli.	low	"still nothing: press and hold BOOT, tap RESET, stop pressing BOOT. Try again." The word for "release" is a guess
site:trouble3	Close other programs using the port (serial monitors, the flash helper).	Asingit pilirijjutit matuli.	low	"close the other programs" (Microsoft Inuktitut terminology (Pirurvik): close = matuli); the examples are left out
site:trouble4	After flashing in BOOT mode, tap <kbd>RESET</kbd> once to start the firmware.	`BOOT`: ilitaugaangat, <kbd>`RESET`</kbd> atausiaq naqilli.	low	"BOOT: when it has been installed, tap RESET once"
site:screensTitle	What it shows	Igalaujait	medium	"screens" (plural of igalaujaq)
site:screensSub	Screenshots from the display itself.	Saqqijaummit ajjiliat.	medium	"pictures from the display" (ajjiliaq = picture)
site:altWeather	Weather screen: 18:13 in Quebec, 15 degrees and clear sky, with the forecast for today, Saturday and Sunday	Silaup igalaujaa: 13°, silaqqiqtuq. Ullumi, sivataarvik, naatsiingujaq.	medium	describes the Inuktitut picture: 13°, clear sky; today, Saturday, Sunday
site:tagWeather	Main screen	Sivulliq igalaujaq	low	"first screen" (main screen)
site:h3Weather	Forecast and places	Sila ammalu iniit	medium	"weather and places"
site:pWeather	Time, temperature and conditions, rain or snow starting or stopping within 2 hours, and 3 days ahead. Up to 4 places: drag up or down to switch. Environment Canada alerts show in place of the city.	Ikarraat, uunarniq ammalu sila. Silaluttuq uvvaluunniit qanniqtuq: 2 ikarraani. 3 ulluit. 4 iniit: nusuarli qulimut uvvaluunniit atimut. `Environment Canada` inirtirutingit saqqiqtut.	low	"time, temperature and weather. Rain or snow: within 2 hours. 3 days. 4 places: drag up or down. Environment Canada's warnings show." (as web:placesHelp)
site:altHourly	Hourly view for Friday: a temperature graph from 0 to 24 h, then one row per hour with temperature, chance of rain and wind	Ikarraat: uunarniq, silaluk, anuri.	low	"hours: temperature, rain, wind" (the hourly columns)
site:tagHourly	Tap a day	Ulluq naqilli	medium	"tap a day"
site:h3Hourly	Hourly view	Ikarraat	low	as scrHourly
site:pHourly	7 days, each with a temperature graph and one row per hour: temperature, chance of rain and wind. Drag sideways to change day.	7 ulluit. Ikarraaq tamaan: uunarniq, silaluk, anuri. Nusuarli saumimut uvvaluunniit taliqpimut: ulluq asiq.	low	"7 days. Every hour: temperature, rain, wind. Drag left or right: another day." (tamaan as web:fwIdle)
site:altRadar	Radar screen: rain over a map of the Quebec City area, with a 100 km ring and the radar time	`Radar`: silaluk nunannguarmi.	low	"radar: rain on a map"
site:tagRadar	Swipe left	Nirululli saumimut	medium	"swipe left", as fw:T_WIFI_JOIN
site:h3Radar	Rain radar with lightning	`Radar` ammalu kalliq	low	"radar and thunder": no word found for lightning (kalliq = thunder, as fw:T_WX_STORM)
site:pRadar	Environment Canada radar on an OpenStreetMap map, with lightning from the last 10 minutes. Tap to play the last 3 hours; swipe down or up to zoom.	`Environment Canada` `Radar`, `OpenStreetMap` nunannguarmi. Kalliq: 10 `min`. Naqilli: 3 ikarraat qaangiqtut. Nirululli atimut: angilligiarli. Qulimut: mikilligiarli.	low	reuses fw:T_PAST_3H, fw:T_ZOOM_IN / T_ZOOM_OUT (swipe down = zoom in)
site:altExtras	Extras screen: the sun's arc from 06:45 to 18:22, UV index low, moon in last quarter 61% lit, air quality good	Siqiniq: 06:45 – 18:22. `UV` mikijuq. Taqqiq: avvanga kingulliq, 61%. Anirsaq piujuq.	medium	describes the Inuktitut extras picture with its own words
site:tagExtras	Swipe right	Nirululli taliqpimut	medium	"swipe right", as fw:T_WIFI_DPP_FAIL
site:h3Extras	Sun, UV, moon and air	Siqiniq, `UV`, taqqiq, anirsaq	medium	words of the extras screen
site:pExtras	The sun's arc from sunrise to sunset, the UV index now and today's high, the moon phase, and the air quality.	Siqiniq nuijuq, `UV` maanna ammalu anginirpaaq, taqqiq ammalu anirsaq.	low	"sunrise, UV now and the highest, moon and air" (no word found for sunset)
site:altStatus	Status page: firmware version, Wi-Fi signal and a list of online services, each with a green dot and its response time	Qanuilinganinga: qarasaujaup pilirijjutinga, `Wi-Fi` ammalu `API`-it.	low	"status: firmware, Wi-Fi and the APIs"
site:tagStatus	Swipe right twice	Nirululli taliqpimut (2)	low	"swipe right (2 times)"
site:h3Status	Status page	Qanuilinganinga	high	as fw:T_STATUS
site:pStatus	Firmware version, <span class="nw">Wi-Fi</span> signal, and every online service the display uses: when it last answered, and how fast.	Qarasaujaup pilirijjutinga, <span class="nw">`Wi-Fi`</span>, ammalu `API`-it kiujjutingit.	low	"firmware, Wi-Fi, and the answers of the APIs" (kiujjut- as fw:T_ERR_BAD_REPLY)
site:altSettings	Settings screen: dim when quiet and wake on pick-up switched on, timing Short, temperature in °C, brightness 83%	Aaqqissimautit: taanikilliq, kivittaugaangat, naittut, `°C`, 83%.	medium	the rows of the Inuktitut Settings picture
site:tagSettings	Long-press	Naqillugu naqimmili	high	Microsoft Inuktitut terminology (Pirurvik): press and hold
site:h3Settings	Settings on the display	Aaqqissimautit	medium	as fw:T_SETTINGS
site:pSettings	Dimming, wake on pick-up, brightness, units and language. Location and places are set on your phone, from a QR code.	Taanikilliq, kivittaugaangat, qaumaninga, uuktuutit ammalu uqausiq. Iniit: uqaalautiralaarmi, `QR`-mit.	low	the Settings rows as on the display; "places: on the phone, from a QR"
site:radarNote	The rain radar uses Environment Canada data, so it covers Canada and the northern US border region.	`Radar`: `Environment Canada`. Kanata ammalu `USA` killinga.	low	"Canada and the US border" (killiq = edge)
site:langTitle	In three languages	Uqausiit pingasut	medium	"three languages"
site:langSub	The display and its phone settings page speak English, French or Inuktitut.	Saqqijaut: qallunaatitut, uivititut, inuktitut.	medium	"the display: English, French, Inuktitut"
site:langPickLabel	Screen to compare	Igalaujaq	low	"screen" (spoken label of the screen choice)
site:capFr	French (Canada)	Uivititut (Kanata)	medium	"French (Canada)"
site:capIu	Inuktitut	Qaniujaaqpait	medium	qaniujaaqpait = syllabics (caption under ᐃᓄᒃᑎᑐᑦ)
site:picMissing	Picture not available	Ajjiliaq atuinnaunngittuq	medium	"picture unavailable" (as fw:T_RADAR_NA)
site:langAltWeather	The weather screen in {0}	Silaup igalaujaa: {0}	medium	{0} = a language name below
site:langAltExtras	The extras screen in {0}	Siqiniq taqqirlu: {0}	medium	
site:langAltSettings	The Settings screen in {0}	Aaqqissimautit: {0}	medium	
site:lnEn	English	qallunaatitut	high	Tusaalanga glossary
site:lnFr	French	uivititut	high	Tusaalanga glossary
site:lnIu	Inuktitut syllabics	inuktitut qaniujaaqpait	medium	"Inuktitut syllabics"
site:langNote	Switch the language in the <b>Language</b> row of the display's Settings screen (long-press the weather screen), or in the Units card of the phone settings page. The Inuktitut text is a first draft that a fluent speaker hasn't reviewed yet: <a href="https://github.com/TheMonkeyz/esp32-s3-weather/tree/main/docs/translations">corrections are welcome</a>.	Uqausiq asijjirlugu: saqqijaummi <b>Aaqqissimautit</b> → <b>Uqausiq</b> (silaup igalaujaa naqillugu naqimmili), uvvaluunniit uqaalautiralaarmi <b>Uuktuutit</b>. Inuktitut isulinngittuq: <a href="https://github.com/TheMonkeyz/esp32-s3-weather/tree/main/docs/translations">ikajurli</a>.	low	"to change the language: on the display Settings → Language (press and hold the weather screen), or on the phone, Units. Inuktitut is not finished: help." Labels as fw:T_SETTINGS, fw:T_LANGUAGE, web:units
site:usingTitle	Using it	Qanuq atuqtaujuq	low	"how it is used"
site:use1	Tap a forecast day for its hourly view; drag sideways for other days.	Ulluq naqilli: ikarraat. Nusuarli saumimut uvvaluunniit taliqpimut: ulluit asingit.	low	"tap a day: hours. Drag left or right: the other days."
site:use2	Swipe left for the radar; tap to animate the last 3 hours, swipe down or up to zoom.	Nirululli saumimut: `Radar`. Naqilli: 3 ikarraat qaangiqtut. Nirululli atimut: angilligiarli. Qulimut: mikilligiarli.	low	as site:pRadar
site:use3	Long-press for Settings: screen dimming, units, <span class="nw">Wi-Fi,</span> and the QR code for the phone page (location).	Naqillugu naqimmili: aaqqissimautit. Taanikilliq, uuktuutit, <span class="nw">`Wi-Fi`</span>, `QR` uqaalautiralaarmut.	low	"press and hold: settings. Dims, units, Wi-Fi, QR for the phone."
site:use4	The microphones dim the screen when the room is quiet and wake it on sustained sound.	Nipaittumi igalaujaq taanikilliqtuq. Nipiqaqpat ikittuq.	low	"when quiet the screen dims. When there is sound it turns on." (nipaittumi as web:dimQuiet)
site:foot1	Source code, releases and documentation: <a href="https://github.com/TheMonkeyz/esp32-s3-weather">github.com/TheMonkeyz/esp32-s3-weather</a>. Downloads for other tools: <a href="https://github.com/TheMonkeyz/esp32-s3-weather/releases">releases</a>.	Pilirijjutit ammalu titiraqsimajut: <a href="https://github.com/TheMonkeyz/esp32-s3-weather">`github.com/TheMonkeyz/esp32-s3-weather`</a>. Minait: <a href="https://github.com/TheMonkeyz/esp32-s3-weather/releases">nutaat</a>.	low	"programs and documents (titiraqsimajut = things written). Downloads (minaq, Microsoft): new versions"
site:foot2	Weather: Open-Meteo. Radar: Environment and Climate Change Canada (GeoMet). Map © OpenStreetMap contributors. Flashing by ESP Web Tools.	Sila: `Open-Meteo`. `Radar`: `Environment and Climate Change Canada (GeoMet)`. Nunannguaq `© OpenStreetMap contributors`. `ESP Web Tools`-kkut ilitaujuq.	low	agency name and the map attribution kept as published; "installed through ESP Web Tools"
site:foot3	Firmware © 2026 Laurent Mathieu, <a href="https://github.com/TheMonkeyz/esp32-s3-weather/blob/main/LICENSE">MIT license</a> (<a href="https://github.com/TheMonkeyz/esp32-s3-weather/blob/main/THIRD_PARTY_NOTICES.md">third-party notices</a>). Set in Montserrat, the display's font (<a href="fonts/montserrat-OFL.txt">SIL Open Font License</a>).	Qarasaujaup pilirijjutinga © 2026 `Laurent Mathieu`, <a href="https://github.com/TheMonkeyz/esp32-s3-weather/blob/main/LICENSE">`MIT`</a> (<a href="https://github.com/TheMonkeyz/esp32-s3-weather/blob/main/THIRD_PARTY_NOTICES.md">asingit</a>). `Montserrat` (<a href="fonts/montserrat-OFL.txt">`SIL Open Font License`</a>).	low	"firmware © …, MIT (others: the third-party notices). Montserrat (its license)"
